{
  "baseline_total": 158680,
  "submission_total": 120573,
  "total_gain": 38107,
  "improved_cases": 2001,
  "same_cases": 404,
  "worse_cases": 0,
  "avg_gain_when_improved": 19.043978010994504,
  "max_gain": 45,
  "max_gain_id": 1991,
  "time_sec": 0.15063714981079102,
  "sec_per_sample": 6.263498952631643e-05,
  "mean_baseline_len": 65.97920997920998,
  "mean_submission_len": 50.134303534303534,
  "improved_frac": 0.832016632016632,
  "wrong_solutions": 0,
  "score_from_submission": 120573,
  "max_rss_bytes": 108564480,
  "max_rss_gb": 0.10110855102539062,
  "high_memory_events": 0,
  "mean_row_time_sec": 0.9499149283847294,
  "max_row_time_sec": 5.134767293930054,
  "rows_processed": 2405
}