{
  "baseline_total": 158680,
  "submission_total": 120314,
  "total_gain": 38366,
  "improved_cases": 2001,
  "same_cases": 404,
  "worse_cases": 0,
  "avg_gain_when_improved": 19.173413293353324,
  "max_gain": 45,
  "max_gain_id": 1912,
  "time_sec": 0.15152287483215332,
  "sec_per_sample": 6.30032743584837e-05,
  "mean_baseline_len": 65.97920997920998,
  "mean_submission_len": 50.02661122661122,
  "improved_frac": 0.832016632016632,
  "wrong_solutions": 0,
  "score_from_submission": 120314,
  "max_rss_bytes": 109105152,
  "max_rss_gb": 0.10161209106445312,
  "high_memory_events": 0,
  "mean_row_time_sec": 1.1993699230424084,
  "max_row_time_sec": 6.698248624801636,
  "rows_processed": 2405
}