{
  "baseline_total": 158680,
  "submission_total": 121011,
  "total_gain": 37669,
  "improved_cases": 2001,
  "same_cases": 404,
  "worse_cases": 0,
  "avg_gain_when_improved": 18.825087456271863,
  "max_gain": 44,
  "max_gain_id": 1991,
  "time_sec": 0.15145111083984375,
  "sec_per_sample": 6.297343486064189e-05,
  "mean_baseline_len": 65.97920997920998,
  "mean_submission_len": 50.316424116424116,
  "improved_frac": 0.832016632016632,
  "wrong_solutions": 0,
  "score_from_submission": 121011,
  "max_rss_bytes": 108134400,
  "max_rss_gb": 0.1007080078125,
  "high_memory_events": 0,
  "mean_row_time_sec": 0.5161717246327232,
  "max_row_time_sec": 2.739260673522949,
  "rows_processed": 2405
}