{
  "baseline_total": 158680,
  "submission_total": 110884,
  "total_gain": 47796,
  "improved_cases": 2396,
  "same_cases": 7,
  "worse_cases": 2,
  "avg_gain_when_improved": 19.949081803005008,
  "max_gain": 46,
  "max_gain_id": 1912,
  "time_sec": 0.15225791931152344,
  "sec_per_sample": 6.33089061586376e-05,
  "mean_baseline_len": 65.97920997920998,
  "mean_submission_len": 46.1056133056133,
  "improved_frac": 0.9962577962577963,
  "wrong_solutions": 435,
  "score_from_submission": 110884,
  "max_rss_bytes": 832950272,
  "max_rss_gb": 0.7757453918457031,
  "high_memory_events": 0,
  "mean_row_time_sec": 1.5411301780391384,
  "max_row_time_sec": 16.801608085632324,
  "rows_processed": 2405
}