{
  "baseline_total": 158680,
  "submission_total": 110449,
  "total_gain": 48231,
  "improved_cases": 2401,
  "same_cases": 4,
  "worse_cases": 0,
  "avg_gain_when_improved": 20.087880049979177,
  "max_gain": 46,
  "max_gain_id": 1912,
  "time_sec": 0.2689931392669678,
  "sec_per_sample": 0.00011184745915466435,
  "mean_baseline_len": 65.97920997920998,
  "mean_submission_len": 45.924740124740126,
  "improved_frac": 0.9983367983367983,
  "wrong_solutions": 401,
  "score_from_submission": 110449,
  "max_rss_bytes": 1265008640,
  "max_rss_gb": 1.178131103515625,
  "high_memory_events": 0,
  "mean_row_time_sec": 8.938261473031691,
  "max_row_time_sec": 12.903586864471436,
  "rows_processed": 405
}